<?xml version="1.0" encoding="UTF-8"?>
<beans xmlns="http://www.springframework.org/schema/beans" 
	xmlns:xsi="http://www.w3.org/2001/XMLSchema-instance"
	xmlns:tx="http://www.springframework.org/schema/tx" 
	xmlns:aop="http://www.springframework.org/schema/aop"
	xmlns:jee="http://www.springframework.org/schema/jee" 
	xmlns:context="http://www.springframework.org/schema/context"
	xmlns:lang="http://www.springframework.org/schema/lang"
	xmlns:security="http://www.springframework.org/schema/security"
    xmlns:mvc="http://www.springframework.org/schema/mvc"	
	xsi:schemaLocation="http://www.springframework.org/schema/beans 
	   http://www.springframework.org/schema/beans/spring-beans-3.1.xsd
       http://www.springframework.org/schema/aop 
       http://www.springframework.org/schema/aop/spring-aop-3.1.xsd
	   http://www.springframework.org/schema/tx
	   http://www.springframework.org/schema/tx/spring-tx-3.1.xsd
	   http://www.springframework.org/schema/context
	   http://www.springframework.org/schema/context/spring-context-3.1.xsd
	   http://www.springframework.org/schema/jee
	   http://www.springframework.org/schema/jee/spring-jee-3.1.xsd
	   http://www.springframework.org/schema/lang
       http://www.springframework.org/schema/lang/spring-lang-3.1.xsd
       http://www.springframework.org/schema/mvc
       http://www.springframework.org/schema/mvc/spring-mvc-3.1.xsd
       http://www.springframework.org/schema/security
       http://www.springframework.org/schema/security/spring-security-3.1.xsd">

 	
 	<bean id="entityManagerFactory"
		class="org.springframework.orm.jpa.LocalContainerEntityManagerFactoryBean">
		<property name="dataSource" ref="dataSource" />
		
		<property name="jpaVendorAdapter">
			<bean class="org.springframework.orm.jpa.vendor.HibernateJpaVendorAdapter">
				<property name="database" value="ORACLE" />
				<property name="showSql" value="${jdbc.showSQL}" />
			</bean>
		</property>
		<property name="persistenceUnitName" value="punit" />
	</bean>
	
	<!-- <bean id="dataSource" class="org.springframework.jdbc.datasource.DriverManagerDataSource">
		<property name="driverClassName" value="${jdbc.driverClassName}" />
		<property name="url" value="${jdbc.url}" />
		<property name="username" value="${jdbc.username}" />
		<property name="password" value="${jdbc.password}" />
	</bean> -->
	
	 <!-- <bean id="dataSource" class="com.mchange.v2.c3p0.ComboPooledDataSource"  destroy-method="close">
        <property name="driverClass" value="${jdbc.driverClassName}"/>
        <property name="jdbcUrl" value="${jdbc.url}"/>
        <property name="properties">
            <props>
                <prop key="c3p0.idle_test_period">100</prop>
                <prop key="c3p0.max_size">200</prop>
                <prop key="c3p0.min_size">5</prop>
                <prop key="user">${jdbc.username}</prop>
                <prop key="password">${jdbc.password}</prop>
            </props>
        </property>
    </bean> -->
	 
	 <bean id="dataSource" class="oracle.jdbc.pool.OracleDataSource" destroy-method="close">
		<property name="connectionCachingEnabled" value="true" />
		<property name="URL" value="${jdbc.url}"/>
		<property name="user" value="${jdbc.username}" />
		<property name="password" value="${jdbc.password}" />
		<property name="connectionCacheProperties">
			<value>
				MinLimit:1
				MaxLimit:100
				InitialLimit:1
				ConnectionWaitTimeout:120
				InactivityTimeout:180
				ValidateConnection:true
			</value>
		</property>
	</bean>
	 
	<bean id="transactionManager" class="org.springframework.orm.jpa.JpaTransactionManager">
		<property name="entityManagerFactory" ref="entityManagerFactory" />
	</bean>
	
	<tx:advice id="transactionAdvice" transaction-manager="transactionManager">
		<tx:attributes>
			<tx:method name="create*" propagation="REQUIRED" />
			<tx:method name="save*" propagation="REQUIRED" />
			<tx:method name="update*" propagation="REQUIRED" />
			<tx:method name="toggle*" propagation="REQUIRED" />
			<tx:method name="delete*" propagation="REQUIRED" />
			<tx:method name="search*" read-only="true" />
			<tx:method name="get*" read-only="true" />
		</tx:attributes>
	</tx:advice>
	
	
	<!-- Transaction PointCut Advisor--> 
	<aop:config>
		<aop:pointcut id="serviceMethods" expression="execution(* com.semanticintelligence.*.service.*.*(..))" />
		<aop:advisor advice-ref="transactionAdvice" pointcut-ref="serviceMethods" />
	</aop:config>
	 
	 <!-- <aop:config>
		<aop:pointcut id="serviceMethods" expression="execution(* com.*.service.*.*(..))"/>
		<aop:advisor advice-ref="transactionAdvice" pointcut-ref="serviceMethods"/>
	</aop:config> -->
	 
	<!--  Hibernate configuration
	<bean id="dataSource" class="org.springframework.jdbc.datasource.DriverManagerDataSource">
        <property name="driverClassName"><value>oracle.jdbc.OracleDriver</value></property>
        <property name="url"><value>jdbc:oracle:thin:@172.20.1.106:1521:CPQA</value></property>
        <property name="username"><value>REGLEG</value></property>
        <property name="password"><value>REGLEG</value></property>
    </bean>
    
     Hibernate SessionFactory
    <bean id="sessionFactory" class="org.springframework.orm.hibernate3.annotation.AnnotationSessionFactoryBean">
        <property name="dataSource"><ref local="dataSource"/></property>
         <property name="packagesToScan" value="com.semanticintelligence.shared.domain" />
        <property name="hibernateProperties">
        <props>
            <prop key="hibernate.dialect">org.hibernate.dialect.Oracle10gDialect</prop>
            <prop key="hibernate.show_sql">true</prop>
			<prop key="hibernate.hbm2ddl.auto">update</prop>
        </props>
        </property>
    </bean>
	
	Transaction manager for a single Hibernate SessionFactory (alternative to JTA)
	<tx:annotation-driven/>
    <bean id="transactionManager" class="org.springframework.orm.hibernate3.HibernateTransactionManager">
        <property name="sessionFactory"><ref local="sessionFactory"/></property>
    </bean>
     -->
     
</beans>