<?xml version="1.0" encoding="UTF-8"?>
<beans:beans xmlns="http://www.springframework.org/schema/security" 
	xmlns:beans="http://www.springframework.org/schema/beans"
	xmlns:xsi="http://www.w3.org/2001/XMLSchema-instance"
	xmlns:context="http://www.springframework.org/schema/context" 
	xmlns:lang="http://www.springframework.org/schema/lang"
	xsi:schemaLocation="http://www.springframework.org/schema/beans
		http://www.springframework.org/schema/beans/spring-beans-3.1.xsd
    	http://www.springframework.org/schema/security 
		http://www.springframework.org/schema/security/spring-security-3.1.xsd
      	http://www.springframework.org/schema/context 
      	http://www.springframework.org/schema/context/spring-context-3.1.xsd">

	<global-method-security secured-annotations="enabled" />
	
	<!-- bean post-processor for JPA annotations -->
	<beans:bean class="org.springframework.security.authentication.encoding.Md5PasswordEncoder" id="passwordEncoder"/>
	
	<http auto-config="true" use-expressions="true">
		<form-login login-page="/login.htm" authentication-failure-url="/login.htm?error=1" default-target-url="/welcome.htm" />

		<logout invalidate-session="true" logout-success-url="/login.htm" logout-url="/logout.htm" />

		<access-denied-handler error-page="/accessdenied.htm" />
		
		<!-- <intercept-url pattern="/accessdenied.htm" access="permitAll" />
		<intercept-url pattern="/CSS/**" access="permitAll" />
		<intercept-url pattern="/images/**" access="permitAll" />
		<intercept-url pattern="/js/**" access="permitAll" />
		<intercept-url pattern="/onto/**" access="permitAll" />
		<intercept-url pattern="/tabs/**" access="permitAll" />
		<intercept-url pattern="/index.jsp" access="permitAll" />
		<intercept-url pattern="/login.htm" access="permitAll" />
		<intercept-url pattern="/logout.htm" access="permitAll" />
		
		<intercept-url pattern="/admin/*" access="hasRole('ROLE_ADMIN')" /> -->
		
		<!--<intercept-url pattern="/**" access="denyAll" /> -->
		<!--<intercept-url pattern="/**" access="hasRole('ROLE_ADMIN') or hasRole('ROLE_USER')" />-->
		<!--<intercept-url pattern="/**" access="hasAnyRole('ROLE_ADMIN','ROLE_USER')" />-->
		
		<intercept-url pattern="/**" access="permitAll" />
		<intercept-url pattern="/dwr/**" access="permitAll" />
		<intercept-url pattern="/dwr/interface/**" access="permitAll" />
		
		<!-- NOT TO USE 
			<session-management invalid-session-url="/accessdenied.htm"></session-management>
		-->

	</http>

	<authentication-manager>
		<authentication-provider user-service-ref="userDetailsService">
			<password-encoder ref="passwordEncoder">
			</password-encoder>
		</authentication-provider>
	</authentication-manager>
	
	<!--<authentication-manager>
		<authentication-provider>
			<user-service>
				<user name="admin" password="admin" authorities="ROLE_USER, ROLE_ADMIN" />
				<user name="user" password="user" authorities="ROLE_USER" />
			</user-service>
		</authentication-provider>
	</authentication-manager>-->

</beans:beans>